{
  "id": 1,
  "title": "Summary of a site [America Airlines]",
  "originalTitle": "Summary of a site [America Airlines]",
  "tags": [],
  "style": "dark",
  "timezone": "browser",
  "editable": true,
  "hideControls": false,
  "sharedCrosshair": false,
  "rows": [
    {
      "collapse": false,
      "editable": true,
      "height": "250px",
      "panels": [
        {
          "content": "# Summary of a site\nWe test three URL:s for http://www.aa.com, using Firefox and connectivity *cable* every 30 minutes (read more about changing connection speed settings [here](http://www.sitespeed.io/documentation/browsers/#simulate-the-connection-speed). Each URL is fetched 3 times but you can of course test your pages many more times. \n",
          "editable": true,
          "error": false,
          "id": 14,
          "links": [],
          "mode": "markdown",
          "span": 4,
          "style": {},
          "title": "",
          "type": "text"
        },
        {
          "aliasColors": {},
          "bars": false,
          "datasource": null,
          "editable": true,
          "error": false,
          "fill": 0,
          "grid": {
            "leftLogBase": 1,
            "leftMax": null,
            "leftMin": null,
            "rightLogBase": 1,
            "rightMax": null,
            "rightMin": null,
            "threshold1": null,
            "threshold1Color": "rgba(216, 200, 27, 0.27)",
            "threshold2": null,
            "threshold2Color": "rgba(234, 112, 112, 0.22)"
          },
          "id": 25,
          "legend": {
            "avg": false,
            "current": true,
            "max": false,
            "min": false,
            "show": true,
            "total": false,
            "values": true
          },
          "lines": true,
          "linewidth": 1,
          "links": [],
          "nullPointMode": "connected",
          "percentage": false,
          "pointradius": 5,
          "points": false,
          "renderer": "flot",
          "seriesOverrides": [],
          "span": 8,
          "stack": false,
          "steppedLine": false,
          "targets": [
            {
              "target": "alias(sitespeed.io.summary.www.aa.com.timing.speedIndex.median, 'Now')"
            },
            {
              "target": "alias(timeShift(sitespeed.io.summary.www.aa.com.timing.speedIndex.median, '1d'), 'One day back')"
            }
          ],
          "timeFrom": null,
          "timeShift": null,
          "title": "SpeedIndex",
          "tooltip": {
            "shared": true,
            "value_type": "cumulative"
          },
          "type": "graph",
          "x-axis": true,
          "y-axis": true,
          "y_formats": [
            "none",
            "short"
          ]
        }
      ],
      "title": "New row"
    },
    {
      "collapse": false,
      "editable": true,
      "height": "250px",
      "panels": [
        {
          "cacheTimeout": null,
          "colorBackground": false,
          "colorValue": true,
          "colors": [
            "rgba(50, 172, 45, 0.97)",
            "rgba(237, 129, 40, 0.89)",
            "rgba(245, 54, 54, 0.9)"
          ],
          "datasource": "graphite",
          "editable": true,
          "error": false,
          "format": "none",
          "id": 2,
          "interval": null,
          "links": [],
          "maxDataPoints": 100,
          "nullPointMode": "connected",
          "nullText": null,
          "postfix": " ms",
          "postfixFontSize": "50%",
          "prefix": "",
          "prefixFontSize": "50%",
          "span": 6,
          "sparkline": {
            "fillColor": "rgba(31, 118, 189, 0.18)",
            "full": false,
            "lineColor": "rgb(31, 120, 193)",
            "show": true
          },
          "targets": [
            {
              "target": "sitespeed.io.summary.www.aa.com.timing.frontEndTime.median"
            }
          ],
          "thresholds": "500,1000,1200",
          "title": "Frontend Time",
          "type": "singlestat",
          "valueFontSize": "80%",
          "valueMaps": [
            {
              "op": "=",
              "text": "N/A",
              "value": "null"
            }
          ],
          "valueName": "avg"
        },
        {
          "cacheTimeout": null,
          "colorBackground": false,
          "colorValue": true,
          "colors": [
            "rgba(50, 172, 45, 0.97)",
            "rgba(237, 129, 40, 0.89)",
            "rgba(245, 54, 54, 0.9)"
          ],
          "datasource": "graphite",
          "editable": true,
          "error": false,
          "format": "none",
          "id": 12,
          "interval": null,
          "links": [],
          "maxDataPoints": 100,
          "nullPointMode": "connected",
          "nullText": null,
          "postfix": " ms",
          "postfixFontSize": "50%",
          "prefix": "",
          "prefixFontSize": "50%",
          "span": 6,
          "sparkline": {
            "fillColor": "rgba(31, 118, 189, 0.18)",
            "full": false,
            "lineColor": "rgb(31, 120, 193)",
            "show": true
          },
          "targets": [
            {
              "target": "sitespeed.io.summary.www.aa.com.timing.backEndTime.median"
            }
          ],
          "thresholds": "100,200,500",
          "title": "Backend Time",
          "type": "singlestat",
          "valueFontSize": "80%",
          "valueMaps": [
            {
              "op": "=",
              "text": "N/A",
              "value": "null"
            }
          ],
          "valueName": "avg"
        }
      ],
      "title": "New row"
    },
    {
      "collapse": false,
      "editable": true,
      "height": "100px",
      "panels": [
        {
          "content": "Do you notice that some of the metrics are *green*, *yellow* or *red*? It is configurable budget levels for each metric.",
          "editable": true,
          "error": false,
          "id": 19,
          "links": [],
          "mode": "markdown",
          "span": 2,
          "style": {},
          "title": "",
          "type": "text"
        },
        {
          "cacheTimeout": null,
          "colorBackground": true,
          "colorValue": false,
          "colors": [
            "rgba(71, 212, 59, 0.4)",
            "rgba(245, 150, 40, 0.73)",
            "rgba(225, 40, 40, 0.59)"
          ],
          "editable": true,
          "error": false,
          "format": "none",
          "id": 6,
          "interval": null,
          "links": [],
          "maxDataPoints": 100,
          "nullPointMode": "connected",
          "nullText": null,
          "postfix": "",
          "postfixFontSize": "50%",
          "prefix": "",
          "prefixFontSize": "50%",
          "span": 2,
          "sparkline": {
            "fillColor": "rgba(31, 118, 189, 0.18)",
            "full": false,
            "lineColor": "rgb(31, 120, 193)",
            "show": false
          },
          "targets": [
            {
              "target": "sitespeed.io.summary.www.aa.com.pagemetric.jsPerPage.max"
            }
          ],
          "thresholds": "0,5,10",
          "title": "Javascripts per page (max)",
          "type": "singlestat",
          "valueFontSize": "80%",
          "valueMaps": [
            {
              "op": "=",
              "text": "N/A",
              "value": "null"
            }
          ],
          "valueName": "avg"
        },
        {
          "cacheTimeout": null,
          "colorBackground": true,
          "colorValue": false,
          "colors": [
            "rgba(71, 212, 59, 0.4)",
            "rgba(245, 150, 40, 0.73)",
            "rgba(225, 40, 40, 0.59)"
          ],
          "editable": true,
          "error": false,
          "format": "none",
          "id": 7,
          "interval": null,
          "links": [],
          "maxDataPoints": 100,
          "nullPointMode": "connected",
          "nullText": null,
          "postfix": "",
          "postfixFontSize": "50%",
          "prefix": "",
          "prefixFontSize": "50%",
          "span": 2,
          "sparkline": {
            "fillColor": "rgba(31, 118, 189, 0.18)",
            "full": false,
            "lineColor": "rgb(31, 120, 193)",
            "show": false
          },
          "targets": [
            {
              "target": "sitespeed.io.summary.www.aa.com.pagemetric.jsSyncInHead.max"
            }
          ],
          "thresholds": "0,0,0",
          "title": "Javascript sync in head",
          "type": "singlestat",
          "valueFontSize": "80%",
          "valueMaps": [
            {
              "op": "=",
              "text": "N/A",
              "value": "null"
            }
          ],
          "valueName": "avg"
        },
        {
          "cacheTimeout": null,
          "colorBackground": true,
          "colorValue": false,
          "colors": [
            "rgba(71, 212, 59, 0.4)",
            "rgba(245, 150, 40, 0.73)",
            "rgba(225, 40, 40, 0.59)"
          ],
          "datasource": "graphite",
          "editable": true,
          "error": false,
          "format": "bytes",
          "id": 8,
          "interval": null,
          "links": [],
          "maxDataPoints": 100,
          "nullPointMode": "connected",
          "nullText": null,
          "postfix": "",
          "postfixFontSize": "50%",
          "prefix": "",
          "prefixFontSize": "50%",
          "span": 2,
          "sparkline": {
            "fillColor": "rgba(31, 118, 189, 0.18)",
            "full": false,
            "lineColor": "rgb(31, 120, 193)",
            "show": false
          },
          "targets": [
            {
              "target": "sitespeed.io.summary.www.aa.com.pagemetric.pageWeight.max"
            }
          ],
          "thresholds": "120000,160000,200000",
          "title": "Page weight (max)",
          "type": "singlestat",
          "valueFontSize": "80%",
          "valueMaps": [
            {
              "op": "=",
              "text": "N/A",
              "value": "null"
            }
          ],
          "valueName": "avg"
        },
        {
          "cacheTimeout": null,
          "colorBackground": true,
          "colorValue": false,
          "colors": [
            "rgba(71, 212, 59, 0.4)",
            "rgba(245, 150, 40, 0.73)",
            "rgba(225, 40, 40, 0.59)"
          ],
          "editable": true,
          "error": false,
          "format": "none",
          "id": 9,
          "interval": null,
          "links": [],
          "maxDataPoints": 100,
          "nullPointMode": "connected",
          "nullText": null,
          "postfix": "",
          "postfixFontSize": "50%",
          "prefix": "",
          "prefixFontSize": "50%",
          "span": 2,
          "sparkline": {
            "fillColor": "rgba(31, 118, 189, 0.18)",
            "full": false,
            "lineColor": "rgb(31, 120, 193)",
            "show": false
          },
          "targets": [
            {
              "target": "sitespeed.io.summary.www.aa.com.pagemetric.requestsWithoutExpires.max"
            }
          ],
          "thresholds": "0,2,4",
          "title": "Requests without expires (max)",
          "type": "singlestat",
          "valueFontSize": "80%",
          "valueMaps": [
            {
              "op": "=",
              "text": "N/A",
              "value": "null"
            }
          ],
          "valueName": "avg"
        },
        {
          "cacheTimeout": null,
          "colorBackground": true,
          "colorValue": false,
          "colors": [
            "rgba(71, 212, 59, 0.4)",
            "rgba(245, 150, 40, 0.73)",
            "rgba(225, 40, 40, 0.59)"
          ],
          "editable": true,
          "error": false,
          "format": "none",
          "id": 5,
          "interval": null,
          "links": [],
          "maxDataPoints": 100,
          "nullPointMode": "connected",
          "nullText": null,
          "postfix": "",
          "postfixFontSize": "50%",
          "prefix": "",
          "prefixFontSize": "50%",
          "span": 2,
          "sparkline": {
            "fillColor": "rgba(31, 118, 189, 0.18)",
            "full": false,
            "lineColor": "rgb(31, 120, 193)",
            "show": false
          },
          "targets": [
            {
              "target": "sitespeed.io.summary.www.aa.com.pagemetric.cssPerPage.max"
            }
          ],
          "thresholds": "0,3,5",
          "title": "CSS per page (max)",
          "type": "singlestat",
          "valueFontSize": "80%",
          "valueMaps": [
            {
              "op": "=",
              "text": "N/A",
              "value": "null"
            }
          ],
          "valueName": "avg"
        }
      ],
      "title": "New row"
    },
    {
      "collapse": false,
      "editable": true,
      "height": "100px",
      "panels": [
        {
          "cacheTimeout": null,
          "colorBackground": true,
          "colorValue": false,
          "colors": [
            "rgba(71, 212, 59, 0.4)",
            "rgba(245, 150, 40, 0.73)",
            "rgba(225, 40, 40, 0.59)"
          ],
          "datasource": "graphite",
          "editable": true,
          "error": false,
          "format": "none",
          "id": 4,
          "interval": null,
          "links": [],
          "maxDataPoints": 100,
          "nullPointMode": "connected",
          "nullText": null,
          "postfix": "",
          "postfixFontSize": "50%",
          "prefix": "",
          "prefixFontSize": "50%",
          "span": 2,
          "sparkline": {
            "fillColor": "rgba(31, 118, 189, 0.18)",
            "full": false,
            "lineColor": "rgb(31, 120, 193)",
            "show": false
          },
          "targets": [
            {
              "target": "sitespeed.io.summary.www.aa.com.pagemetric.requests.max"
            }
          ],
          "thresholds": "30,50,70",
          "title": "Requests (max)",
          "type": "singlestat",
          "valueFontSize": "80%",
          "valueMaps": [
            {
              "op": "=",
              "text": "N/A",
              "value": "null"
            }
          ],
          "valueName": "avg"
        },
        {
          "cacheTimeout": null,
          "colorBackground": true,
          "colorValue": false,
          "colors": [
            "rgba(225, 40, 40, 0.59)",
            "rgba(245, 150, 40, 0.73)",
            "rgba(71, 212, 59, 0.4)"
          ],
          "datasource": "graphite",
          "editable": true,
          "error": false,
          "format": "s",
          "id": 21,
          "interval": null,
          "links": [],
          "maxDataPoints": 100,
          "nullPointMode": "connected",
          "nullText": null,
          "postfix": "",
          "postfixFontSize": "50%",
          "prefix": "",
          "prefixFontSize": "50%",
          "span": 2,
          "sparkline": {
            "fillColor": "rgba(31, 118, 189, 0.18)",
            "full": false,
            "lineColor": "rgb(31, 120, 193)",
            "show": false
          },
          "targets": [
            {
              "target": "sitespeed.io.summary.www.aa.com.pagemetric.cacheTime.median"
            }
          ],
          "thresholds": "0,604800, 31556926",
          "title": "Median Cache Time",
          "type": "singlestat",
          "valueFontSize": "80%",
          "valueMaps": [
            {
              "op": "=",
              "text": "N/A",
              "value": "null"
            }
          ],
          "valueName": "avg"
        },
        {
          "cacheTimeout": null,
          "colorBackground": true,
          "colorValue": false,
          "colors": [
            "rgba(71, 212, 59, 0.4)",
            "rgba(245, 150, 40, 0.73)",
            "rgba(225, 40, 40, 0.59)"
          ],
          "datasource": "graphite",
          "editable": true,
          "error": false,
          "format": "short",
          "id": 23,
          "interval": null,
          "links": [],
          "maxDataPoints": 100,
          "nullPointMode": "connected",
          "nullText": null,
          "postfix": "",
          "postfixFontSize": "50%",
          "prefix": "",
          "prefixFontSize": "50%",
          "span": 2,
          "sparkline": {
            "fillColor": "rgba(31, 118, 189, 0.18)",
            "full": false,
            "lineColor": "rgb(31, 120, 193)",
            "show": false
          },
          "targets": [
            {
              "target": "sitespeed.io.summary.www.aa.com.pagemetric.numberOfDomains.median"
            }
          ],
          "thresholds": "5,10,15",
          "title": "Number of domains per page",
          "type": "singlestat",
          "valueFontSize": "80%",
          "valueMaps": [
            {
              "op": "=",
              "text": "N/A",
              "value": "null"
            }
          ],
          "valueName": "avg"
        },
        {
          "cacheTimeout": null,
          "colorBackground": true,
          "colorValue": false,
          "colors": [
            "rgba(71, 212, 59, 0.4)",
            "rgba(245, 150, 40, 0.73)",
            "rgba(225, 40, 40, 0.59)"
          ],
          "datasource": "graphite",
          "editable": true,
          "error": false,
          "format": "short",
          "id": 26,
          "interval": null,
          "links": [],
          "maxDataPoints": 100,
          "nullPointMode": "connected",
          "nullText": null,
          "postfix": "",
          "postfixFontSize": "50%",
          "prefix": "",
          "prefixFontSize": "50%",
          "span": 2,
          "sparkline": {
            "fillColor": "rgba(31, 118, 189, 0.18)",
            "full": false,
            "lineColor": "rgb(31, 120, 193)",
            "show": false
          },
          "targets": [
            {
              "target": "sitespeed.io.summary.www.aa.com.pagemetric.fontsPerPage.median"
            }
          ],
          "thresholds": "1,3,5",
          "title": "Number of fonts per page",
          "type": "singlestat",
          "valueFontSize": "80%",
          "valueMaps": [
            {
              "op": "=",
              "text": "N/A",
              "value": "null"
            }
          ],
          "valueName": "avg"
        },
        {
          "cacheTimeout": null,
          "colorBackground": true,
          "colorValue": false,
          "colors": [
            "rgba(71, 212, 59, 0.4)",
            "rgba(245, 150, 40, 0.73)",
            "rgba(225, 40, 40, 0.59)"
          ],
          "datasource": "graphite",
          "editable": true,
          "error": false,
          "format": "short",
          "id": 27,
          "interval": null,
          "links": [],
          "maxDataPoints": 100,
          "nullPointMode": "connected",
          "nullText": null,
          "postfix": "",
          "postfixFontSize": "50%",
          "prefix": "",
          "prefixFontSize": "50%",
          "span": 2,
          "sparkline": {
            "fillColor": "rgba(31, 118, 189, 0.18)",
            "full": false,
            "lineColor": "rgb(31, 120, 193)",
            "show": false
          },
          "targets": [
            {
              "target": "sitespeed.io.summary.www.aa.com.pagemetric.maxRequestsPerHost.median"
            }
          ],
          "thresholds": "25,35,50",
          "title": "Max requests per host",
          "type": "singlestat",
          "valueFontSize": "80%",
          "valueMaps": [
            {
              "op": "=",
              "text": "N/A",
              "value": "null"
            }
          ],
          "valueName": "avg"
        },
        {
          "cacheTimeout": null,
          "colorBackground": true,
          "colorValue": false,
          "colors": [
            "rgba(71, 212, 59, 0.4)",
            "rgba(245, 150, 40, 0.73)",
            "rgba(225, 40, 40, 0.59)"
          ],
          "datasource": "graphite",
          "editable": true,
          "error": false,
          "format": "short",
          "id": 28,
          "interval": null,
          "links": [],
          "maxDataPoints": 100,
          "nullPointMode": "connected",
          "nullText": null,
          "postfix": "",
          "postfixFontSize": "50%",
          "prefix": "",
          "prefixFontSize": "50%",
          "span": 2,
          "sparkline": {
            "fillColor": "rgba(31, 118, 189, 0.18)",
            "full": false,
            "lineColor": "rgb(31, 120, 193)",
            "show": false
          },
          "targets": [
            {
              "target": "sitespeed.io.summary.www.aa.com.pagemetric.requestsWithoutGzip.median"
            }
          ],
          "thresholds": "0,0,0",
          "title": "Requests without GZIP",
          "type": "singlestat",
          "valueFontSize": "80%",
          "valueMaps": [
            {
              "op": "=",
              "text": "N/A",
              "value": "null"
            }
          ],
          "valueName": "avg"
        }
      ],
      "title": "New row"
    },
    {
      "collapse": false,
      "editable": true,
      "height": "150px",
      "panels": [
        {
          "content": "And you can add metrics that shows info like how many pages have you tested and what is the median time since an asset was last modified.",
          "editable": true,
          "error": false,
          "id": 24,
          "links": [],
          "mode": "markdown",
          "span": 2,
          "style": {},
          "title": "",
          "type": "text"
        },
        {
          "cacheTimeout": null,
          "colorBackground": false,
          "colorValue": false,
          "colors": [
            "rgba(245, 54, 54, 0.9)",
            "rgba(237, 129, 40, 0.89)",
            "rgba(50, 172, 45, 0.97)"
          ],
          "editable": true,
          "error": false,
          "format": "none",
          "id": 18,
          "interval": null,
          "links": [],
          "maxDataPoints": 100,
          "nullPointMode": "connected",
          "nullText": null,
          "postfix": "",
          "postfixFontSize": "50%",
          "prefix": "",
          "prefixFontSize": "50%",
          "span": 2,
          "sparkline": {
            "fillColor": "rgba(31, 118, 189, 0.18)",
            "full": false,
            "lineColor": "rgb(31, 120, 193)",
            "show": false
          },
          "targets": [
            {
              "target": "sitespeed.io.summary.www.aa.com.testedPages"
            }
          ],
          "thresholds": "",
          "title": "Number of tested pages",
          "type": "singlestat",
          "valueFontSize": "80%",
          "valueMaps": [
            {
              "op": "=",
              "text": "N/A",
              "value": "null"
            }
          ],
          "valueName": "avg"
        },
        {
          "cacheTimeout": null,
          "colorBackground": false,
          "colorValue": false,
          "colors": [
            "rgba(245, 54, 54, 0.9)",
            "rgba(237, 129, 40, 0.89)",
            "rgba(50, 172, 45, 0.97)"
          ],
          "editable": true,
          "error": false,
          "format": "none",
          "id": 30,
          "interval": null,
          "links": [],
          "maxDataPoints": 100,
          "nullPointMode": "connected",
          "nullText": null,
          "postfix": "",
          "postfixFontSize": "50%",
          "prefix": "",
          "prefixFontSize": "50%",
          "span": 2,
          "sparkline": {
            "fillColor": "rgba(31, 118, 189, 0.18)",
            "full": false,
            "lineColor": "rgb(31, 120, 193)",
            "show": false
          },
          "targets": [
            {
              "target": "sitespeed.io.summary.www.aa.com.runsPerBrowser"
            }
          ],
          "thresholds": "",
          "title": "Number of runs per page",
          "type": "singlestat",
          "valueFontSize": "80%",
          "valueMaps": [
            {
              "op": "=",
              "text": "N/A",
              "value": "null"
            }
          ],
          "valueName": "avg"
        },
        {
          "cacheTimeout": null,
          "colorBackground": false,
          "colorValue": false,
          "colors": [
            "rgba(245, 54, 54, 0.9)",
            "rgba(237, 129, 40, 0.89)",
            "rgba(50, 172, 45, 0.97)"
          ],
          "editable": true,
          "error": false,
          "format": "percent",
          "id": 29,
          "interval": null,
          "links": [],
          "maxDataPoints": 100,
          "nullPointMode": "connected",
          "nullText": null,
          "postfix": "",
          "postfixFontSize": "50%",
          "prefix": "",
          "prefixFontSize": "50%",
          "span": 2,
          "sparkline": {
            "fillColor": "rgba(31, 118, 189, 0.18)",
            "full": false,
            "lineColor": "rgb(31, 120, 193)",
            "show": false
          },
          "targets": [
            {
              "hide": true,
              "target": "sitespeed.io.summary.www.aa.com.timing.backEndTime.median"
            },
            {
              "hide": true,
              "target": "sumSeries(sitespeed.io.summary.www.aa.com.timing.frontEndTime.median, #A)"
            },
            {
              "hide": false,
              "target": "asPercent(sitespeed.io.summary.www.aa.com.timing.backEndTime.median, #B)"
            }
          ],
          "thresholds": "",
          "title": "Time spent in backend",
          "type": "singlestat",
          "valueFontSize": "80%",
          "valueMaps": [
            {
              "op": "=",
              "text": "N/A",
              "value": "null"
            }
          ],
          "valueName": "avg"
        },
        {
          "cacheTimeout": null,
          "colorBackground": false,
          "colorValue": false,
          "colors": [
            "rgba(225, 40, 40, 0.59)",
            "rgba(245, 150, 40, 0.73)",
            "rgba(71, 212, 59, 0.4)"
          ],
          "datasource": "graphite",
          "decimals": 0,
          "editable": true,
          "error": false,
          "format": "s",
          "id": 22,
          "interval": null,
          "links": [],
          "maxDataPoints": 100,
          "nullPointMode": "connected",
          "nullText": null,
          "postfix": "",
          "postfixFontSize": "30%",
          "prefix": "",
          "prefixFontSize": "50%",
          "span": 2,
          "sparkline": {
            "fillColor": "rgba(31, 118, 189, 0.18)",
            "full": false,
            "lineColor": "rgb(31, 120, 193)",
            "show": false
          },
          "targets": [
            {
              "target": "sitespeed.io.summary.www.aa.com.pagemetric.timeSinceLastMod.median"
            }
          ],
          "thresholds": "",
          "title": "Median Time Since Last Mod",
          "type": "singlestat",
          "valueFontSize": "50%",
          "valueMaps": [
            {
              "op": "=",
              "text": "N/A",
              "value": "null"
            }
          ],
          "valueName": "current"
        },
        {
          "cacheTimeout": null,
          "colorBackground": false,
          "colorValue": false,
          "colors": [
            "rgba(225, 40, 40, 0.59)",
            "rgba(245, 150, 40, 0.73)",
            "rgba(71, 212, 59, 0.4)"
          ],
          "datasource": "graphite",
          "decimals": 0,
          "editable": true,
          "error": false,
          "format": "none",
          "id": 31,
          "interval": null,
          "links": [],
          "maxDataPoints": 100,
          "nullPointMode": "connected",
          "nullText": null,
          "postfix": "",
          "postfixFontSize": "30%",
          "prefix": "",
          "prefixFontSize": "50%",
          "span": 2,
          "sparkline": {
            "fillColor": "rgba(31, 118, 189, 0.18)",
            "full": false,
            "lineColor": "rgb(31, 120, 193)",
            "show": false
          },
          "targets": [
            {
              "target": "sitespeed.io.summary.www.aa.com.pagemetric.domElements.median"
            }
          ],
          "thresholds": "",
          "title": "DOM elements",
          "type": "singlestat",
          "valueFontSize": "50%",
          "valueMaps": [
            {
              "op": "=",
              "text": "N/A",
              "value": "null"
            }
          ],
          "valueName": "current"
        }
      ],
      "title": "New row"
    },
    {
      "collapse": false,
      "editable": true,
      "height": "350px",
      "panels": [
        {
          "aliasColors": {},
          "bars": false,
          "datasource": null,
          "editable": true,
          "error": false,
          "fill": 0,
          "grid": {
            "leftLogBase": 1,
            "leftMax": null,
            "leftMin": null,
            "rightLogBase": 1,
            "rightMax": null,
            "rightMin": null,
            "threshold1": null,
            "threshold1Color": "rgba(216, 200, 27, 0.27)",
            "threshold2": null,
            "threshold2Color": "rgba(234, 112, 112, 0.22)"
          },
          "id": 3,
          "legend": {
            "alignAsTable": true,
            "avg": false,
            "current": true,
            "max": true,
            "min": true,
            "show": true,
            "total": false,
            "values": true
          },
          "lines": true,
          "linewidth": 1,
          "links": [],
          "nullPointMode": "connected",
          "percentage": false,
          "pointradius": 5,
          "points": false,
          "renderer": "flot",
          "seriesOverrides": [
            {
              "alias": "max",
              "fillBelowTo": "min",
              "lines": false
            },
            {
              "alias": "min",
              "lines": false
            }
          ],
          "span": 6,
          "stack": false,
          "steppedLine": false,
          "targets": [
            {
              "target": "aliasByMetric(sitespeed.io.summary.www.aa.com.timing.frontEndTime.max)"
            },
            {
              "target": "aliasByMetric(sitespeed.io.summary.www.aa.com.timing.frontEndTime.min)"
            },
            {
              "target": "aliasByMetric(sitespeed.io.summary.www.aa.com.timing.frontEndTime.median)"
            }
          ],
          "timeFrom": null,
          "timeShift": null,
          "title": "Frontend Time",
          "tooltip": {
            "shared": true,
            "value_type": "cumulative"
          },
          "type": "graph",
          "x-axis": true,
          "y-axis": true,
          "y_formats": [
            "ms",
            "none"
          ]
        },
        {
          "aliasColors": {},
          "bars": false,
          "datasource": null,
          "editable": true,
          "error": false,
          "fill": 0,
          "grid": {
            "leftLogBase": 1,
            "leftMax": null,
            "leftMin": null,
            "rightLogBase": 1,
            "rightMax": null,
            "rightMin": null,
            "threshold1": null,
            "threshold1Color": "rgba(216, 200, 27, 0.27)",
            "threshold2": null,
            "threshold2Color": "rgba(234, 112, 112, 0.22)"
          },
          "id": 11,
          "legend": {
            "alignAsTable": true,
            "avg": false,
            "current": true,
            "max": true,
            "min": true,
            "show": true,
            "total": false,
            "values": true
          },
          "lines": true,
          "linewidth": 1,
          "links": [],
          "nullPointMode": "connected",
          "percentage": false,
          "pointradius": 5,
          "points": false,
          "renderer": "flot",
          "seriesOverrides": [
            {
              "alias": "max",
              "fillBelowTo": "min",
              "lines": false
            },
            {
              "alias": "min",
              "lines": false
            }
          ],
          "span": 6,
          "stack": false,
          "steppedLine": false,
          "targets": [
            {
              "target": "aliasByMetric(sitespeed.io.summary.www.aa.com.timing.backEndTime.max)"
            },
            {
              "target": "aliasByMetric(sitespeed.io.summary.www.aa.com.timing.backEndTime.min)"
            },
            {
              "target": "aliasByMetric(sitespeed.io.summary.www.aa.com.timing.backEndTime.median)"
            }
          ],
          "timeFrom": null,
          "timeShift": null,
          "title": "Backend Time",
          "tooltip": {
            "shared": true,
            "value_type": "cumulative"
          },
          "type": "graph",
          "x-axis": true,
          "y-axis": true,
          "y_formats": [
            "ms",
            "none"
          ]
        }
      ],
      "title": "New row"
    },
    {
      "collapse": false,
      "editable": true,
      "height": "300px",
      "panels": [
        {
          "content": "# Timings\nWhat timings are imported for your site? Out of the box we collect backEndTime,  domContentLoadedTime, domInteractiveTime, domainLookupTime,  frontEndTime, pageDownloadTime,  pageLoadTime, redirectionTime, serverConnectionTime, firstPaint and RUM-SpeedIndex. You can find the definitions [here](http://www.sitespeed.io/documentation/browsers/#collected-timing-metrics). \n\nIn this example we graph median values but you can choose to graph min, max, median, mean, 10th percentile , 90th percentile or the 99 percentile.",
          "editable": true,
          "error": false,
          "id": 16,
          "links": [],
          "mode": "markdown",
          "span": 5,
          "style": {},
          "title": "",
          "type": "text"
        },
        {
          "aliasColors": {},
          "bars": false,
          "datasource": null,
          "editable": true,
          "error": false,
          "fill": 0,
          "grid": {
            "leftLogBase": 1,
            "leftMax": null,
            "leftMin": null,
            "rightLogBase": 1,
            "rightMax": null,
            "rightMin": null,
            "threshold1": null,
            "threshold1Color": "rgba(216, 200, 27, 0.27)",
            "threshold2": null,
            "threshold2Color": "rgba(234, 112, 112, 0.22)"
          },
          "id": 10,
          "legend": {
            "alignAsTable": true,
            "avg": true,
            "current": true,
            "max": true,
            "min": true,
            "show": true,
            "sortDesc": true,
            "total": false,
            "values": true
          },
          "lines": true,
          "linewidth": 1,
          "links": [],
          "nullPointMode": "connected",
          "percentage": false,
          "pointradius": 5,
          "points": false,
          "renderer": "flot",
          "seriesOverrides": [],
          "span": 7,
          "stack": false,
          "steppedLine": false,
          "targets": [
            {
              "target": "aliasByNode(sitespeed.io.summary.www.aa.com.timing.firstPaint.median, 7)"
            },
            {
              "target": "aliasByNode(sitespeed.io.summary.www.aa.com.timing.speedIndex.median, 7)"
            },
            {
              "target": "aliasByNode(sitespeed.io.summary.www.aa.com.timing.domContentLoadedTime.median, 7)"
            },
            {
              "target": "aliasByNode(sitespeed.io.summary.www.aa.com.timing.serverResponseTime.median, 7)"
            },
            {
              "target": "aliasByNode(sitespeed.io.summary.www.aa.com.timing.pageLoadTime.median, 7)"
            }
          ],
          "timeFrom": null,
          "timeShift": null,
          "title": "Median timings",
          "tooltip": {
            "shared": false,
            "value_type": "cumulative"
          },
          "type": "graph",
          "x-axis": true,
          "y-axis": true,
          "y_formats": [
            "ms",
            "short"
          ]
        }
      ],
      "title": "New row"
    },
    {
      "collapse": false,
      "editable": true,
      "height": "150px",
      "panels": [
        {
          "content": "# Performance best practice rules\nYou can graph how well your site is doing compared to [web performance best practice rules](http://www.sitespeed.io/rules/). Each and every rule score can be graphed and you can keep track of how good you are doing.\n\nRemember that you can [write your own rules and rulesets](http://www.sitespeed.io/documentation/developers/#add-your-own-rules) using Javascript to test whatever you want.\n\n",
          "editable": true,
          "error": false,
          "id": 15,
          "links": [],
          "mode": "markdown",
          "span": 12,
          "style": {},
          "title": "",
          "type": "text"
        }
      ],
      "title": "New row"
    },
    {
      "collapse": false,
      "editable": true,
      "height": "250px",
      "panels": [
        {
          "aliasColors": {},
          "bars": false,
          "datasource": null,
          "editable": true,
          "error": false,
          "fill": 0,
          "grid": {
            "leftLogBase": 1,
            "leftMax": null,
            "leftMin": null,
            "rightLogBase": 1,
            "rightMax": null,
            "rightMin": null,
            "threshold1": null,
            "threshold1Color": "rgba(216, 200, 27, 0.27)",
            "threshold2": null,
            "threshold2Color": "rgba(234, 112, 112, 0.22)"
          },
          "id": 13,
          "legend": {
            "avg": false,
            "current": true,
            "max": false,
            "min": false,
            "show": true,
            "total": false,
            "values": true
          },
          "lines": true,
          "linewidth": 1,
          "links": [],
          "nullPointMode": "connected",
          "percentage": false,
          "pointradius": 5,
          "points": false,
          "renderer": "flot",
          "seriesOverrides": [],
          "span": 12,
          "stack": false,
          "steppedLine": false,
          "targets": [
            {
              "target": "aliasByMetric(sitespeed.io.http.www_aa_com._homePage_do.rules.*)"
            }
          ],
          "timeFrom": null,
          "timeShift": null,
          "title": "Rule score",
          "tooltip": {
            "shared": true,
            "value_type": "cumulative"
          },
          "type": "graph",
          "x-axis": true,
          "y-axis": true,
          "y_formats": [
            "short",
            "short"
          ]
        }
      ],
      "title": "New row"
    }
  ],
  "nav": [
    {
      "collapse": false,
      "enable": true,
      "notice": false,
      "now": true,
      "nowDelay": "",
      "refresh_intervals": [
        "5s",
        "10s",
        "30s",
        "1m",
        "5m",
        "15m",
        "30m",
        "1h",
        "2h",
        "1d"
      ],
      "status": "Stable",
      "time_options": [
        "5m",
        "15m",
        "1h",
        "6h",
        "12h",
        "24h",
        "2d",
        "7d",
        "30d"
      ],
      "type": "timepicker"
    }
  ],
  "time": {
    "from": "now-2d",
    "to": "now"
  },
  "templating": {
    "list": []
  },
  "annotations": {
    "enable": true,
    "list": []
  },
  "refresh": false,
  "schemaVersion": 6,
  "version": 67
}